カテゴリ,商品名,価格,エネルギー,蛋白質,脂質,炭水化物,食塩相当量,カルシウム,野菜量,鉄,ビタミンA,ビタミンB1,ビタミンB2,ビタミンC,アレルギー
主菜,チキン南蛮,341,547kcal,18.5g,36.8g,35.0g,4.0g,21mg,0g,0.5mg,9μgRAE,0.09mg,0.1mg,6mg,卵、小麦、鶏肉、大豆、ごま
主菜,ローストチキン塩だれ,341,243kcal,17.1g,17.2g,5.0g,2.0g,9mg,0g,0.8mg,40μgRAE,0.1mg,0.16mg,2mg,鶏肉、大豆、ごま
主菜,ハンバーグおろしソース,253,234kcal,15.1g,10.9g,17.7g,2.9g,39mg,38g,1.4mg,22μgRAE,0.13mg,0.13mg,3mg,小麦、乳成分、牛肉、豚肉、鶏肉、大豆、りんご
主菜,白身フライタルタルソース,253,435kcal,11.4g,30.8g,28.5g,2.0g,24mg,0g,0.3mg,6μgRAE,0.08mg,0.07mg,0mg,卵、小麦、大豆
主菜,鶏唐チリソース炒め,297,333kcal,14.2g,16.7g,33.1g,1.3g,32mg,84g,0.9mg,36μgRAE,0.1mg,0.1mg,32mg,卵、小麦、乳成分、鶏肉、大豆、ごま
主菜,さば塩焼き,253,268kcal,15.9g,22.7g,0.0g,0.6g,7mg,0g,0.9mg,42μgRAE,0.13mg,0.33mg,1mg,鯖
主菜,ぶり照り煮,253,156kcal,13.0g,10.6g,5.6g,1.0g,4mg,0g,0.8mg,30μgRAE,0.14mg,0.22mg,2mg,小麦、大豆
主菜,フライドチキン,198,271kcal,14.8g,18.4g,11.6g,1.5g,7mg,0g,0.5mg,27μgRAE,0.07mg,0.11mg,2mg,卵、小麦、鶏肉、大豆
副菜・サラダ,クリームコロッケ（カニ入り）,132,215kcal,3.6g,14.8g,17.4g,0.6g,18mg,1g,0.3mg,8μgRAE,0.03mg,0.04mg,0mg,卵、小麦、乳成分、えび、かに、鶏肉、大豆、ゼラチン
副菜・サラダ,揚げ餃子,77,87kcal,2.6g,4.7g,8.6g,0.4g,8mg,13g,0.1mg,1μgRAE,0.03mg,0.01mg,5mg,小麦、豚肉、鶏肉、大豆、ごま
副菜・サラダ,オクラ巣ごもり玉子,132,81kcal,6.7g,5.5g,3.0g,0.6g,57mg,33g,1.2mg,96μgRAE,0.06mg,0.22mg,2mg,卵、小麦、鯖、大豆
副菜・サラダ,鉄分たっぷり鶏きも煮,99,73kcal,7.8g,1.9g,5.5g,1.2g,4mg,0g,2.8mg,5476μgRAE,0.14mg,0.63mg,7mg,小麦、鶏肉、大豆
副菜・サラダ,温泉玉子,99,71kcal,5.9g,5.5g,0.4g,0.4g,27mg,0g,1.0mg,76μgRAE,0.03mg,0.19mg,0mg,卵、小麦、鯖、大豆
副菜・サラダ,キムチ豆腐,99,68kcal,5.4g,3.3g,5.1g,0.9g,51mg,16g,1.5mg,30μgRAE,0.11mg,0.07mg,14mg,小麦、えび、大豆、ごま
副菜・サラダ,ブロッコリーシーザー和え,99,45kcal,2.5g,2.7g,4.2g,0.5g,27mg,63g,0.6mg,43μgRAE,0.04mg,0.06mg,34mg,卵、小麦、乳成分、大豆
副菜・サラダ,ほうれん草胡麻和え,77,30kcal,1.9g,1.3g,3.8g,0.5g,54mg,50g,0.7mg,225μgRAE,0.04mg,0.06mg,10mg,小麦、乳成分、鯖、鶏肉、大豆、ごま
副菜・サラダ,オクラおひたし,77,17kcal,1.2g,0.1g,4.1g,0.3g,46mg,50g,0.3mg,30μgRAE,0.05mg,0.05mg,4mg,小麦、鯖、大豆
副菜・サラダ,納豆,77,83kcal,6.4g,4.5g,6.0g,0.5g,38mg,0g,1.4mg,0μgRAE,0.05mg,0.13mg,1mg,小麦、大豆
副菜・サラダ,煮卵,121,76kcal,6.6g,4.8g,1.7g,0.6g,0mg,0g,0.0mg,0μgRAE,0.0mg,0.0mg,0mg,卵、小麦、大豆、りんご
副菜・サラダ,野菜生活１００,77,34kcal,0.4g,0.0g,8.3g,0.0g,4mg,0g,0.0mg,200μgRAE,0.0mg,0.0mg,25mg,オレンジ、りんご
副菜・サラダ,ひじき煮,77,48kcal,1.6g,2.4g,4.9g,0.8g,31mg,4g,0.4mg,38μgRAE,0.02mg,0.02mg,0mg,小麦、鶏肉、大豆、魚介類
副菜・サラダ,15種ヘルシーサラダ,77,89kcal,2.1g,6.0g,7.3g,0.6g,24mg,19g,0.4mg,32μgRAE,0.02mg,0.01mg,3mg,卵、小麦、大豆、ごま
副菜・サラダ,千切りキャベツ,44,7kcal,0.4g,0.0g,1.8g,0.0g,14mg,35g,0.0mg,0μgRAE,0.0mg,0.0mg,14mg,なし
丼物・カレー,ねぎとろ丼（大）,715,691kcal,29.3g,16.7g,109.0g,2.5g,26mg,7g,2.0mg,39μgRAE,0.17mg,0.14mg,5mg,小麦、鯖、大豆
丼物・カレー,ねぎとろ丼（中）,583,538kcal,22.6g,12.9g,85.6g,1.9g,21mg,5g,1.5mg,30μgRAE,0.13mg,0.11mg,4mg,小麦、鯖、大豆
丼物・カレー,チキン竜田丼（大）,715,997kcal,30.9g,36.6g,140.1g,4.5g,28mg,0g,1.2mg,62μgRAE,0.24mg,0.3mg,0mg,小麦、鯖、鶏肉、大豆
丼物・カレー,チキン竜田丼（中）,583,764kcal,23.5g,27.6g,108.9g,3.4g,22mg,0g,0.9mg,47μgRAE,0.18mg,0.23mg,0mg,小麦、鯖、鶏肉、大豆
丼物・カレー,チキン竜田丼（小）,495,531kcal,16.0g,18.4g,77.7g,2.3g,15mg,0g,0.7mg,31μgRAE,0.12mg,0.15mg,0mg,小麦、鯖、鶏肉、大豆
丼物・カレー,ロースカツカレー（大）,660,1023kcal,26.9g,38.5g,144.5g,4.3g,49mg,6g,1.9mg,64μgRAE,0.51mg,0.15mg,0mg,卵、小麦、乳成分、牛肉、豚肉、鶏肉、大豆
丼物・カレー,ロースカツカレー（中）,528,787kcal,20.5g,29.2g,112.6g,3.3g,39mg,5g,1.5mg,49μgRAE,0.38mg,0.11mg,0mg,卵、小麦、乳成分、牛肉、豚肉、鶏肉、大豆
丼物・カレー,ロースカツカレー（小）,440,551kcal,14.1g,19.8g,80.6g,2.3g,27mg,3g,1.1mg,34μgRAE,0.25mg,0.08mg,0mg,卵、小麦、乳成分、牛肉、豚肉、鶏肉、大豆
丼物・カレー,大豆ミートのキーマカレー,627,650kcal,17.0g,11.7g,112.7g,2.3g,0mg,54g,0.0mg,0μgRAE,0.0mg,0.0mg,0mg,大豆、りんご、カシューナッツ
麺類,とんこつ醤油ラーメン,550,521kcal,22.5g,15.0g,73.8g,7.5g,52mg,45g,2.1mg,137μgRAE,0.3mg,0.16mg,6mg,卵、小麦、乳成分、豚肉、鶏肉、大豆、ごま
麺類,味噌ラーメン,473,499kcal,19.4g,12.2g,77.2g,6.8g,53mg,20g,2.1mg,9μgRAE,0.24mg,0.12mg,2mg,卵、小麦、乳成分、豚肉、鶏肉、大豆、ごま
麺類,豚汁うどん,473,500kcal,21.4g,11.2g,81.0g,4.8g,56mg,45g,1.6mg,72μgRAE,0.48mg,0.29mg,6mg,小麦、豚肉、大豆
麺類,豚汁そば,473,475kcal,26.6g,11.6g,68.5g,4.4g,61mg,45g,2.9mg,72μgRAE,0.58mg,0.32mg,6mg,卵、小麦、そば、豚肉、大豆
麺類,きつねうどん,396,446kcal,14.6g,8.0g,79.1g,4.9g,74mg,5g,1.4mg,6μgRAE,0.11mg,0.06mg,2mg,小麦、鯖、大豆
麺類,きつねそば,396,421kcal,19.8g,8.4g,66.6g,4.5g,79mg,5g,2.7mg,6μgRAE,0.21mg,0.09mg,2mg,卵、小麦、そば、鯖、大豆
ごはん,ライス（大）,231,437kcal,7.0g,0.8g,103.9g,0.0g,8mg,0g,0.3mg,0μgRAE,0.06mg,0.03mg,0mg,なし
ごはん,ライス（中）,187,343kcal,5.5g,0.7g,81.6g,0.0g,7mg,0g,0.2mg,0μgRAE,0.04mg,0.02mg,0mg,なし
ごはん,ライス（小）,143,250kcal,4.0g,0.5g,59.4g,0.0g,5mg,0g,0.2mg,0μgRAE,0.03mg,0.02mg,0mg,なし
ごはん,ライス（ミニ）,99,156kcal,2.5g,0.3g,37.1g,0.0g,3mg,0g,0.1mg,0μgRAE,0.02mg,0.01mg,0mg,なし
汁物,味噌汁,44,24kcal,1.6g,0.8g,3.0g,1.7g,14mg,0g,0.2mg,1μgRAE,0.01mg,0.04mg,0mg,大豆
汁物,豚汁,110,71kcal,4.8g,3.0g,8.0g,1.5g,23mg,40g,0.5mg,64μgRAE,0.13mg,0.09mg,3mg,豚肉、大豆
デザート,生チョコケーキ,165,98kcal,1.5g,5.9g,9.6g,0.0g,16mg,0g,0.3mg,32μgRAE,0.02mg,0.05mg,0mg,卵、小麦、乳成分、大豆
デザート,焼きプリンタルト,99,117kcal,1.8g,6.5g,12.5g,0.1g,67mg,0g,0.1mg,12μgRAE,0.02mg,0.06mg,0mg,卵、小麦、乳成分、大豆
